INSERT INTO Студент (N_зачетки, фамилия, имя, отчество, N_группы, телефон) VALUES
(1, 'Павлов', 'Евгений', 'Михайлович', 42, '9155379376'),
(2, 'Павлов', 'Максим', 'Андреевич', 44, '9155537905'),
(3, 'Павлов', 'Алексей', 'Максимович', 43, '9153757025'),
(4, 'Соловьев', 'Евгений', 'Дмитриевич', 41, '9156283881'),
(5, 'Новиков', 'Михаил', 'Михайлович', 43, '9159322157'),
(6, 'Соловьев', 'Александр', 'Алексеевич', 43, '9153261197'),
(7, 'Морозов', 'Иван', 'Алексеевич', 44, '9152717941'),
(8, 'Павлов', 'Михаил', 'Дмитриевич', 42, '9155042580'),
(9, 'Морозов', 'Александр', 'Алексеевич', 41, '9156272807'),
(10, 'Соловьев', 'Иван', 'Александрович', 41, '9152463933'),
(11, 'Петров', 'Евгений', 'Максимович', 42, '9154672128'),
(12, 'Петров', 'Евгений', 'Максимович', 44, '9154899892'),
(13, 'Козлов', 'Иван', 'Александрович', 41, '9159295770'),
(14, 'Козлов', 'Алексей', 'Максимович', 42, '9155412583'),
(15, 'Соловьев', 'Александр', 'Дмитриевич', 43, '9156705271'),
(16, 'Павлов', 'Сергей', 'Михайлович', 44, '9155097101'),
(17, 'Новиков', 'Александр', 'Сергеевич', 41, '9152661867'),
(18, 'Козлов', 'Иван', 'Иванович', 41, '9159407591'),
(19, 'Павлов', 'Алексей', 'Евгеньевич', 42, '9153371598'),
(20, 'Козлов', 'Иван', 'Максимович', 43, '9152733825'),
(21, 'Зайцев', 'Андрей', 'Андреевич', 41, '9151235723'),
(22, 'Зайцев', 'Алексей', 'Максимович', 41, '9155364070'),
(23, 'Козлов', 'Олег', 'Андреевич', 43, '9154334503'),
(24, 'Сидоров', 'Евгений', 'Михайлович', 42, '9153529801'),
(25, 'Иванов', 'Олег', 'Сергеевич', 44, '9157761527'),
(26, 'Павлов', 'Максим', 'Евгеньевич', 41, '9152935512'),
(27, 'Морозов', 'Максим', 'Сергеевич', 41, '9152442815'),
(28, 'Павлов', 'Сергей', 'Андреевич', 43, '9152216286'),
(29, 'Волков', 'Олег', 'Иванович', 41, '9153490050'),
(30, 'Козлов', 'Максим', 'Иванович', 41, '9158731534'),
(31, 'Зайцев', 'Андрей', 'Андреевич', 43, '9155731764'),
(32, 'Иванов', 'Олег', 'Олегович', 42, '9158727416'),
(33, 'Зайцев', 'Евгений', 'Михайлович', 42, '9156160944'),
(34, 'Соловьев', 'Сергей', 'Максимович', 42, '9155169230'),
(35, 'Петров', 'Михаил', 'Михайлович', 42, '9158438106'),
(36, 'Волков', 'Алексей', 'Сергеевич', 41, '9154473390'),
(37, 'Волков', 'Дмитрий', 'Дмитриевич', 44, '9156729092'),
(38, 'Новиков', 'Дмитрий', 'Дмитриевич', 42, '9151662250'),
(39, 'Морозов', 'Иван', 'Евгеньевич', 42, '9154876806'),
(40, 'Сидоров', 'Максим', 'Максимович', 41, '9151376937'),
(41, 'Волков', 'Михаил', 'Сергеевич', 42, '9158431059'),
(42, 'Сидоров', 'Евгений', 'Андреевич', 43, '9156099659'),
(43, 'Козлов', 'Андрей', 'Дмитриевич', 41, '9152930125'),
(44, 'Волков', 'Дмитрий', 'Андреевич', 43, '9159048449'),
(45, 'Соловьев', 'Евгений', 'Иванович', 44, '9157922037'),
(46, 'Петров', 'Олег', 'Дмитриевич', 42, '9154520721'),
(47, 'Волков', 'Александр', 'Михайлович', 43, '9152326307'),
(48, 'Петров', 'Максим', 'Максимович', 44, '9151570150'),
(49, 'Новиков', 'Михаил', 'Евгеньевич', 43, '9159613609'),
(50, 'Новиков', 'Александр', 'Александрович', 41, '9153625388'),
(51, 'Иванов', 'Александр', 'Михайлович', 41, '9153808819'),
(52, 'Иванов', 'Алексей', 'Олегович', 41, '9151965309'),
(53, 'Новиков', 'Дмитрий', 'Максимович', 43, '9157163337'),
(54, 'Соловьев', 'Дмитрий', 'Александрович', 41, '9159424008'),
(55, 'Волков', 'Андрей', 'Евгеньевич', 42, '9155679996'),
(56, 'Петров', 'Андрей', 'Евгеньевич', 41, '9155925535'),
(57, 'Новиков', 'Олег', 'Дмитриевич', 42, '9159454709'),
(58, 'Иванов', 'Андрей', 'Максимович', 42, '9158408622'),
(59, 'Иванов', 'Олег', 'Максимович', 44, '9152078165'),
(60, 'Волков', 'Дмитрий', 'Олегович', 43, '9155248386'),
(61, 'Козлов', 'Иван', 'Алексеевич', 41, '9156766852'),
(62, 'Новиков', 'Сергей', 'Евгеньевич', 41, '9156676676'),
(63, 'Соловьев', 'Максим', 'Максимович', 42, '9154946401'),
(64, 'Иванов', 'Иван', 'Иванович', 44, '9151741116'),
(65, 'Иванов', 'Олег', 'Дмитриевич', 42, '9158074559'),
(66, 'Козлов', 'Михаил', 'Иванович', 44, '9158745456'),
(67, 'Соловьев', 'Евгений', 'Андреевич', 41, '9159851880'),
(68, 'Зайцев', 'Максим', 'Александрович', 41, '9151551910'),
(69, 'Соловьев', 'Олег', 'Михайлович', 41, '9153295793'),
(70, 'Зайцев', 'Сергей', 'Сергеевич', 41, '9155939955'),
(71, 'Иванов', 'Дмитрий', 'Евгеньевич', 43, '9151966915'),
(72, 'Зайцев', 'Андрей', 'Александрович', 44, '9152579044'),
(73, 'Павлов', 'Дмитрий', 'Александрович', 43, '9158738839'),
(74, 'Павлов', 'Михаил', 'Андреевич', 44, '9152112521'),
(75, 'Козлов', 'Дмитрий', 'Евгеньевич', 44, '9159169262'),
(76, 'Иванов', 'Максим', 'Дмитриевич', 44, '9159635529'),
(77, 'Соловьев', 'Дмитрий', 'Александрович', 44, '9151790087'),
(78, 'Козлов', 'Михаил', 'Михайлович', 41, '9153269868'),
(79, 'Соловьев', 'Андрей', 'Алексеевич', 42, '9156248841'),
(80, 'Волков', 'Александр', 'Евгеньевич', 43, '9153359578'),
(81, 'Сидоров', 'Андрей', 'Дмитриевич', 41, '9155290832'),
(82, 'Новиков', 'Андрей', 'Евгеньевич', 42, '9152275142'),
(83, 'Сидоров', 'Максим', 'Иванович', 42, '9152390640'),
(84, 'Новиков', 'Олег', 'Михайлович', 43, '9157049321'),
(85, 'Зайцев', 'Иван', 'Максимович', 43, '9154154979'),
(86, 'Морозов', 'Александр', 'Михайлович', 41, '9159670839'),
(87, 'Новиков', 'Евгений', 'Андреевич', 44, '9154953775'),
(88, 'Новиков', 'Евгений', 'Дмитриевич', 44, '9154210555'),
(89, 'Новиков', 'Евгений', 'Дмитриевич', 42, '9154389591'),
(90, 'Павлов', 'Дмитрий', 'Евгеньевич', 43, '9154550695'),
(91, 'Иванов', 'Евгений', 'Иванович', 43, '9153223501'),
(92, 'Сидоров', 'Евгений', 'Максимович', 44, '9156964250'),
(93, 'Павлов', 'Сергей', 'Евгеньевич', 42, '9157516090'),
(94, 'Сидоров', 'Дмитрий', 'Иванович', 42, '9157594163'),
(95, 'Петров', 'Евгений', 'Евгеньевич', 43, '9154429196'),
(96, 'Морозов', 'Александр', 'Сергеевич', 42, '9159054047'),
(97, 'Петров', 'Олег', 'Сергеевич', 43, '9157190584'),
(98, 'Соловьев', 'Александр', 'Дмитриевич', 43, '9155899233'),
(99, 'Соловьев', 'Евгений', 'Дмитриевич', 43, '9158852653'),
(100, 'Павлов', 'Максим', 'Олегович', 42, '9153519742');

INSERT INTO Студент (N_зачетки, фамилия, имя, отчество, N_группы) VALUES
(11111, 'Морозов', 'Дмитрий', 'Иванович', 12),
(11112, 'Соловьев', 'Иван', 'Иванович', 12),
(11113, 'Иванов', 'Сергей', 'Михайлович', 12),
(11114, 'Павлов', 'Александр', 'Дмитриевич', 12),
(11115, 'Волков', 'Евгений', 'Иванович', 11),
(11116, 'Зайцев', 'Александр', 'Александрович', 12),
(11117, 'Козлов', 'Максим', 'Сергеевич', 11),
(11118, 'Сидоров', 'Александр', 'Олегович', 12),
(11119, 'Иванов', 'Александр', 'Евгеньевич', 12),
(11120, 'Сидоров', 'Евгений', 'Алексеевич', 12)

INSERT INTO Предмет (N_предмета, название_предмета, фамилия_преподавателя) VALUES
(1, 'Геометрия', 'Иванов'),
(2, 'Физика', 'Шаров'),
(3, 'Теория вероятности', 'Ершова'),
(4, 'Теория псевдослучайных генераторов', 'Сушкин'),
(5, 'Математическая логика', 'Чагрова'),
(6, 'Математический анализ', 'Голубев'),
(7, 'Программирование', 'Цирулёва'),
(8, 'английский', 'Николаев');

INSERT INTO Студент_предмет (N_зачетки, N_предмета, оценка) VALUES(1111, '1', '4'),
(1111, '2', '4'),
(1111, '3', '4'),
(1111, '4', '4'),
(1111, '5', '4'),
(1111, '6', '4'),
(1111, '7', '4'),
(1111, '8', '4'),
(1112, '1', '4'),
(1112, '2', '4'),
(1112, '3', '4'),
(1112, '4', '4'),
(1112, '5', '4'),
(1112, '6', '4'),
(1112, '7', '4'),
(1112, '8', '4'),
(1113, '1', '3'),
(1113, '2', '3'),
(1113, '3', '3'),
(1113, '4', '3'),
(1113, '5', '3'),
(1113, '6', '3'),
(1113, '7', '3'),
(1113, '8', '3'),
(1114, '1', '3'),
(1114, '2', '3'),
(1114, '3', '3'),
(1114, '4', '3'),
(1114, '5', '3'),
(1114, '6', '3'),
(1114, '7', '3'),
(1114, '8', '3'),
(1115, '1', '5'),
(1115, '2', '5'),
(1115, '3', '5'),
(1115, '4', '5'),
(1115, '5', '5'),
(1115, '6', '5'),
(1115, '7', '5'),
(1115, '8', '5'),
(1116, '1', '4'),
(1116, '2', '4'),
(1116, '3', '4'),
(1116, '4', '4'),
(1116, '5', '4'),
(1116, '6', '4'),
(1116, '7', '4'),
(1116, '8', '4'),
(1117, '1', '4'),
(1117, '2', '4'),
(1117, '3', '4'),
(1117, '4', '4'),
(1117, '5', '4'),
(1117, '6', '4'),
(1117, '7', '4'),
(1117, '8', '4'),
(1118, '1', '5'),
(1118, '2', '5'),
(1118, '3', '5'),
(1118, '4', '5'),
(1118, '5', '5'),
(1118, '6', '5'),
(1118, '7', '5'),
(1118, '8', '5'),
(1119, '1', '3'),
(1119, '2', '3'),
(1119, '3', '3'),
(1119, '4', '3'),
(1119, '5', '3'),
(1119, '6', '3'),
(1119, '7', '3'),
(1119, '8', '3'),
(1120, '1', '4'),
(1120, '2', '4'),
(1120, '3', '4'),
(1120, '4', '4'),
(1120, '5', '4'),
(1120, '6', '4'),
(1120, '7', '4'),
(1120, '8', '4'),
(1121, '1', '2'),
(1121, '2', '2'),
(1121, '3', '2'),
(1121, '4', '2'),
(1121, '5', '2'),
(1121, '6', '2'),
(1121, '7', '2'),
(1121, '8', '2'),
(1122, '1', '2'),
(1122, '2', '2'),
(1122, '3', '2'),
(1122, '4', '2'),
(1122, '5', '2'),
(1122, '6', '2'),
(1122, '7', '2'),
(1122, '8', '2'),
(1123, '1', '4'),
(1123, '2', '4'),
(1123, '3', '4'),
(1123, '4', '4'),
(1123, '5', '4'),
(1123, '6', '4'),
(1123, '7', '4'),
(1123, '8', '4'),
(1124, '1', '4'),
(1124, '2', '4'),
(1124, '3', '4'),
(1124, '4', '4'),
(1124, '5', '4'),
(1124, '6', '4'),
(1124, '7', '4'),
(1124, '8', '4'),
(1125, '1', '5'),
(1125, '2', '5'),
(1125, '3', '5'),
(1125, '4', '5'),
(1125, '5', '5'),
(1125, '6', '5'),
(1125, '7', '5'),
(1125, '8', '5'),
(1126, '1', '2'),
(1126, '2', '2'),
(1126, '3', '2'),
(1126, '4', '2'),
(1126, '5', '2'),
(1126, '6', '2'),
(1126, '7', '2'),
(1126, '8', '2'),
(1127, '1', '5'),
(1127, '2', '5'),
(1127, '3', '5'),
(1127, '4', '5'),
(1127, '5', '5'),
(1127, '6', '5'),
(1127, '7', '5'),
(1127, '8', '5'),
(1128, '1', '3'),
(1128, '2', '3'),
(1128, '3', '3'),
(1128, '4', '3'),
(1128, '5', '3'),
(1128, '6', '3'),
(1128, '7', '3'),
(1128, '8', '3'),
(1129, '1', '4'),
(1129, '2', '4'),
(1129, '3', '4'),
(1129, '4', '4'),
(1129, '5', '4'),
(1129, '6', '4'),
(1129, '7', '4'),
(1129, '8', '4'),
(1130, '1', '4'),
(1130, '2', '4'),
(1130, '3', '4'),
(1130, '4', '4'),
(1130, '5', '4'),
(1130, '6', '4'),
(1130, '7', '4'),
(1130, '8', '4');

INSERT INTO Студент_предмет (N_зачетки, N_предмета, оценка) VALUES
(1, '1', '2'),
(1, '2', '2'),
(1, '3', '2'),
(1, '4', '2'),
(1, '5', '2'),
(1, '6', '2'),
(1, '7', '2'),
(1, '8', '2'),
(2, '1', '5'),
(2, '2', '5'),
(2, '3', '5'),
(2, '4', '5'),
(2, '5', '5'),
(2, '6', '5'),
(2, '7', '5'),
(2, '8', '5'),
(3, '1', '5'),
(3, '2', '5'),
(3, '3', '5'),
(3, '4', '5'),
(3, '5', '5'),
(3, '6', '5'),
(3, '7', '5'),
(3, '8', '5'),
(4, '1', '4'),
(4, '2', '4'),
(4, '3', '4'),
(4, '4', '4'),
(4, '5', '4'),
(4, '6', '4'),
(4, '7', '4'),
(4, '8', '4'),
(5, '1', '5'),
(5, '2', '5'),
(5, '3', '5'),
(5, '4', '5'),
(5, '5', '5'),
(5, '6', '5'),
(5, '7', '5'),
(5, '8', '5'),
(6, '1', '2'),
(6, '2', '2'),
(6, '3', '2'),
(6, '4', '2'),
(6, '5', '2'),
(6, '6', '2'),
(6, '7', '2'),
(6, '8', '2'),
(7, '1', '3'),
(7, '2', '3'),
(7, '3', '3'),
(7, '4', '3'),
(7, '5', '3'),
(7, '6', '3'),
(7, '7', '3'),
(7, '8', '3'),
(8, '1', '3'),
(8, '2', '3'),
(8, '3', '3'),
(8, '4', '3'),
(8, '5', '3'),
(8, '6', '3'),
(8, '7', '3'),
(8, '8', '3'),
(9, '1', '3'),
(9, '2', '3'),
(9, '3', '3'),
(9, '4', '3'),
(9, '5', '3'),
(9, '6', '3'),
(9, '7', '3'),
(9, '8', '3'),
(10, '1', '3'),
(10, '2', '3'),
(10, '3', '3'),
(10, '4', '3'),
(10, '5', '3'),
(10, '6', '3'),
(10, '7', '3'),
(10, '8', '3'),
(11, '1', '3'),
(11, '2', '3'),
(11, '3', '3'),
(11, '4', '3'),
(11, '5', '3'),
(11, '6', '3'),
(11, '7', '3'),
(11, '8', '3'),
(12, '1', '4'),
(12, '2', '4'),
(12, '3', '4'),
(12, '4', '4'),
(12, '5', '4'),
(12, '6', '4'),
(12, '7', '4'),
(12, '8', '4'),
(13, '1', '5'),
(13, '2', '5'),
(13, '3', '5'),
(13, '4', '5'),
(13, '5', '5'),
(13, '6', '5'),
(13, '7', '5'),
(13, '8', '5'),
(14, '1', '4'),
(14, '2', '4'),
(14, '3', '4'),
(14, '4', '4'),
(14, '5', '4'),
(14, '6', '4'),
(14, '7', '4'),
(14, '8', '4'),
(15, '1', '3'),
(15, '2', '3'),
(15, '3', '3'),
(15, '4', '3'),
(15, '5', '3'),
(15, '6', '3'),
(15, '7', '3'),
(15, '8', '3'),
(16, '1', '3'),
(16, '2', '3'),
(16, '3', '3'),
(16, '4', '3'),
(16, '5', '3'),
(16, '6', '3'),
(16, '7', '3'),
(16, '8', '3'),
(17, '1', '2'),
(17, '2', '2'),
(17, '3', '2'),
(17, '4', '2'),
(17, '5', '2'),
(17, '6', '2'),
(17, '7', '2'),
(17, '8', '2'),
(18, '1', '5'),
(18, '2', '5'),
(18, '3', '5'),
(18, '4', '5'),
(18, '5', '5'),
(18, '6', '5'),
(18, '7', '5'),
(18, '8', '5'),
(19, '1', '5'),
(19, '2', '5'),
(19, '3', '5'),
(19, '4', '5'),
(19, '5', '5'),
(19, '6', '5'),
(19, '7', '5'),
(19, '8', '5'),
(20, '1', '3'),
(20, '2', '3'),
(20, '3', '3'),
(20, '4', '3'),
(20, '5', '3'),
(20, '6', '3'),
(20, '7', '3'),
(20, '8', '3'),
(21, '1', '2'),
(21, '2', '2'),
(21, '3', '2'),
(21, '4', '2'),
(21, '5', '2'),
(21, '6', '2'),
(21, '7', '2'),
(21, '8', '2'),
(22, '1', '2'),
(22, '2', '2'),
(22, '3', '2'),
(22, '4', '2'),
(22, '5', '2'),
(22, '6', '2'),
(22, '7', '2'),
(22, '8', '2'),
(23, '1', '4'),
(23, '2', '4'),
(23, '3', '4'),
(23, '4', '4'),
(23, '5', '4'),
(23, '6', '4'),
(23, '7', '4'),
(23, '8', '4'),
(24, '1', '4'),
(24, '2', '4'),
(24, '3', '4'),
(24, '4', '4'),
(24, '5', '4'),
(24, '6', '4'),
(24, '7', '4'),
(24, '8', '4'),
(25, '1', '4'),
(25, '2', '4'),
(25, '3', '4'),
(25, '4', '4'),
(25, '5', '4'),
(25, '6', '4'),
(25, '7', '4'),
(25, '8', '4'),
(26, '1', '2'),
(26, '2', '2'),
(26, '3', '2'),
(26, '4', '2'),
(26, '5', '2'),
(26, '6', '2'),
(26, '7', '2'),
(26, '8', '2'),
(27, '1', '4'),
(27, '2', '4'),
(27, '3', '4'),
(27, '4', '4'),
(27, '5', '4'),
(27, '6', '4'),
(27, '7', '4'),
(27, '8', '4'),
(28, '1', '3'),
(28, '2', '3'),
(28, '3', '3'),
(28, '4', '3'),
(28, '5', '3'),
(28, '6', '3'),
(28, '7', '3'),
(28, '8', '3'),
(29, '1', '2'),
(29, '2', '2'),
(29, '3', '2'),
(29, '4', '2'),
(29, '5', '2'),
(29, '6', '2'),
(29, '7', '2'),
(29, '8', '2'),
(30, '1', '4'),
(30, '2', '4'),
(30, '3', '4'),
(30, '4', '4'),
(30, '5', '4'),
(30, '6', '4'),
(30, '7', '4'),
(30, '8', '4'),
(31, '1', '2'),
(31, '2', '2'),
(31, '3', '2'),
(31, '4', '2'),
(31, '5', '2'),
(31, '6', '2'),
(31, '7', '2'),
(31, '8', '2'),
(32, '1', '4'),
(32, '2', '4'),
(32, '3', '4'),
(32, '4', '4'),
(32, '5', '4'),
(32, '6', '4'),
(32, '7', '4'),
(32, '8', '4'),
(33, '1', '3'),
(33, '2', '3'),
(33, '3', '3'),
(33, '4', '3'),
(33, '5', '3'),
(33, '6', '3'),
(33, '7', '3'),
(33, '8', '3'),
(34, '1', '3'),
(34, '2', '3'),
(34, '3', '3'),
(34, '4', '3'),
(34, '5', '3'),
(34, '6', '3'),
(34, '7', '3'),
(34, '8', '3'),
(35, '1', '3'),
(35, '2', '3'),
(35, '3', '3'),
(35, '4', '3'),
(35, '5', '3'),
(35, '6', '3'),
(35, '7', '3'),
(35, '8', '3'),
(36, '1', '2'),
(36, '2', '2'),
(36, '3', '2'),
(36, '4', '2'),
(36, '5', '2'),
(36, '6', '2'),
(36, '7', '2'),
(36, '8', '2'),
(37, '1', '5'),
(37, '2', '5'),
(37, '3', '5'),
(37, '4', '5'),
(37, '5', '5'),
(37, '6', '5'),
(37, '7', '5'),
(37, '8', '5'),
(38, '1', '4'),
(38, '2', '4'),
(38, '3', '4'),
(38, '4', '4'),
(38, '5', '4'),
(38, '6', '4'),
(38, '7', '4'),
(38, '8', '4'),
(39, '1', '3'),
(39, '2', '3'),
(39, '3', '3'),
(39, '4', '3'),
(39, '5', '3'),
(39, '6', '3'),
(39, '7', '3'),
(39, '8', '3'),
(40, '1', '5'),
(40, '2', '5'),
(40, '3', '5'),
(40, '4', '5'),
(40, '5', '5'),
(40, '6', '5'),
(40, '7', '5'),
(40, '8', '5'),
(41, '1', '4'),
(41, '2', '4'),
(41, '3', '4'),
(41, '4', '4'),
(41, '5', '4'),
(41, '6', '4'),
(41, '7', '4'),
(41, '8', '4'),
(42, '1', '5'),
(42, '2', '5'),
(42, '3', '5'),
(42, '4', '5'),
(42, '5', '5'),
(42, '6', '5'),
(42, '7', '5'),
(42, '8', '5'),
(43, '1', '4'),
(43, '2', '4'),
(43, '3', '4'),
(43, '4', '4'),
(43, '5', '4'),
(43, '6', '4'),
(43, '7', '4'),
(43, '8', '4'),
(44, '1', '2'),
(44, '2', '2'),
(44, '3', '2'),
(44, '4', '2'),
(44, '5', '2'),
(44, '6', '2'),
(44, '7', '2'),
(44, '8', '2'),
(45, '1', '3'),
(45, '2', '3'),
(45, '3', '3'),
(45, '4', '3'),
(45, '5', '3'),
(45, '6', '3'),
(45, '7', '3'),
(45, '8', '3'),
(46, '1', '3'),
(46, '2', '3'),
(46, '3', '3'),
(46, '4', '3'),
(46, '5', '3'),
(46, '6', '3'),
(46, '7', '3'),
(46, '8', '3'),
(47, '1', '2'),
(47, '2', '2'),
(47, '3', '2'),
(47, '4', '2'),
(47, '5', '2'),
(47, '6', '2'),
(47, '7', '2'),
(47, '8', '2'),
(48, '1', '4'),
(48, '2', '4'),
(48, '3', '4'),
(48, '4', '4'),
(48, '5', '4'),
(48, '6', '4'),
(48, '7', '4'),
(48, '8', '4'),
(49, '1', '5'),
(49, '2', '5'),
(49, '3', '5'),
(49, '4', '5'),
(49, '5', '5'),
(49, '6', '5'),
(49, '7', '5'),
(49, '8', '5'),
(50, '1', '3'),
(50, '2', '3'),
(50, '3', '3'),
(50, '4', '3'),
(50, '5', '3'),
(50, '6', '3'),
(50, '7', '3'),
(50, '8', '3'),
(51, '1', '3'),
(51, '2', '3'),
(51, '3', '3'),
(51, '4', '3'),
(51, '5', '3'),
(51, '6', '3'),
(51, '7', '3'),
(51, '8', '3'),
(52, '1', '5'),
(52, '2', '5'),
(52, '3', '5'),
(52, '4', '5'),
(52, '5', '5'),
(52, '6', '5'),
(52, '7', '5'),
(52, '8', '5'),
(53, '1', '4'),
(53, '2', '4'),
(53, '3', '4'),
(53, '4', '4'),
(53, '5', '4'),
(53, '6', '4'),
(53, '7', '4'),
(53, '8', '4'),
(54, '1', '4'),
(54, '2', '4'),
(54, '3', '4'),
(54, '4', '4'),
(54, '5', '4'),
(54, '6', '4'),
(54, '7', '4'),
(54, '8', '4'),
(55, '1', '3'),
(55, '2', '3'),
(55, '3', '3'),
(55, '4', '3'),
(55, '5', '3'),
(55, '6', '3'),
(55, '7', '3'),
(55, '8', '3'),
(56, '1', '4'),
(56, '2', '4'),
(56, '3', '4'),
(56, '4', '4'),
(56, '5', '4'),
(56, '6', '4'),
(56, '7', '4'),
(56, '8', '4'),
(57, '1', '4'),
(57, '2', '4'),
(57, '3', '4'),
(57, '4', '4'),
(57, '5', '4'),
(57, '6', '4'),
(57, '7', '4'),
(57, '8', '4'),
(58, '1', '4'),
(58, '2', '4'),
(58, '3', '4'),
(58, '4', '4'),
(58, '5', '4'),
(58, '6', '4'),
(58, '7', '4'),
(58, '8', '4'),
(59, '1', '5'),
(59, '2', '5'),
(59, '3', '5'),
(59, '4', '5'),
(59, '5', '5'),
(59, '6', '5'),
(59, '7', '5'),
(59, '8', '5'),
(60, '1', '4'),
(60, '2', '4'),
(60, '3', '4'),
(60, '4', '4'),
(60, '5', '4'),
(60, '6', '4'),
(60, '7', '4'),
(60, '8', '4'),
(61, '1', '2'),
(61, '2', '2'),
(61, '3', '2'),
(61, '4', '2'),
(61, '5', '2'),
(61, '6', '2'),
(61, '7', '2'),
(61, '8', '2'),
(62, '1', '5'),
(62, '2', '5'),
(62, '3', '5'),
(62, '4', '5'),
(62, '5', '5'),
(62, '6', '5'),
(62, '7', '5'),
(62, '8', '5'),
(63, '1', '4'),
(63, '2', '4'),
(63, '3', '4'),
(63, '4', '4'),
(63, '5', '4'),
(63, '6', '4'),
(63, '7', '4'),
(63, '8', '4'),
(64, '1', '5'),
(64, '2', '5'),
(64, '3', '5'),
(64, '4', '5'),
(64, '5', '5'),
(64, '6', '5'),
(64, '7', '5'),
(64, '8', '5'),
(65, '1', '4'),
(65, '2', '4'),
(65, '3', '4'),
(65, '4', '4'),
(65, '5', '4'),
(65, '6', '4'),
(65, '7', '4'),
(65, '8', '4'),
(66, '1', '5'),
(66, '2', '5'),
(66, '3', '5'),
(66, '4', '5'),
(66, '5', '5'),
(66, '6', '5'),
(66, '7', '5'),
(66, '8', '5'),
(67, '1', '5'),
(67, '2', '5'),
(67, '3', '5'),
(67, '4', '5'),
(67, '5', '5'),
(67, '6', '5'),
(67, '7', '5'),
(67, '8', '5'),
(68, '1', '3'),
(68, '2', '3'),
(68, '3', '3'),
(68, '4', '3'),
(68, '5', '3'),
(68, '6', '3'),
(68, '7', '3'),
(68, '8', '3'),
(69, '1', '4'),
(69, '2', '4'),
(69, '3', '4'),
(69, '4', '4'),
(69, '5', '4'),
(69, '6', '4'),
(69, '7', '4'),
(69, '8', '4'),
(70, '1', '3'),
(70, '2', '3'),
(70, '3', '3'),
(70, '4', '3'),
(70, '5', '3'),
(70, '6', '3'),
(70, '7', '3'),
(70, '8', '3'),
(71, '1', '2'),
(71, '2', '2'),
(71, '3', '2'),
(71, '4', '2'),
(71, '5', '2'),
(71, '6', '2'),
(71, '7', '2'),
(71, '8', '2'),
(72, '1', '2'),
(72, '2', '2'),
(72, '3', '2'),
(72, '4', '2'),
(72, '5', '2'),
(72, '6', '2'),
(72, '7', '2'),
(72, '8', '2'),
(73, '1', '2'),
(73, '2', '2'),
(73, '3', '2'),
(73, '4', '2'),
(73, '5', '2'),
(73, '6', '2'),
(73, '7', '2'),
(73, '8', '2'),
(74, '1', '5'),
(74, '2', '5'),
(74, '3', '5'),
(74, '4', '5'),
(74, '5', '5'),
(74, '6', '5'),
(74, '7', '5'),
(74, '8', '5'),
(75, '1', '4'),
(75, '2', '4'),
(75, '3', '4'),
(75, '4', '4'),
(75, '5', '4'),
(75, '6', '4'),
(75, '7', '4'),
(75, '8', '4'),
(76, '1', '4'),
(76, '2', '4'),
(76, '3', '4'),
(76, '4', '4'),
(76, '5', '4'),
(76, '6', '4'),
(76, '7', '4'),
(76, '8', '4'),
(77, '1', '5'),
(77, '2', '5'),
(77, '3', '5'),
(77, '4', '5'),
(77, '5', '5'),
(77, '6', '5'),
(77, '7', '5'),
(77, '8', '5'),
(78, '1', '4'),
(78, '2', '4'),
(78, '3', '4'),
(78, '4', '4'),
(78, '5', '4'),
(78, '6', '4'),
(78, '7', '4'),
(78, '8', '4'),
(79, '1', '5'),
(79, '2', '5'),
(79, '3', '5'),
(79, '4', '5'),
(79, '5', '5'),
(79, '6', '5'),
(79, '7', '5'),
(79, '8', '5'),
(80, '1', '2'),
(80, '2', '2'),
(80, '3', '2'),
(80, '4', '2'),
(80, '5', '2'),
(80, '6', '2'),
(80, '7', '2'),
(80, '8', '2'),
(81, '1', '2'),
(81, '2', '2'),
(81, '3', '2'),
(81, '4', '2'),
(81, '5', '2'),
(81, '6', '2'),
(81, '7', '2'),
(81, '8', '2'),
(82, '1', '3'),
(82, '2', '3'),
(82, '3', '3'),
(82, '4', '3'),
(82, '5', '3'),
(82, '6', '3'),
(82, '7', '3'),
(82, '8', '3'),
(83, '1', '3'),
(83, '2', '3'),
(83, '3', '3'),
(83, '4', '3'),
(83, '5', '3'),
(83, '6', '3'),
(83, '7', '3'),
(83, '8', '3'),
(84, '1', '2'),
(84, '2', '2'),
(84, '3', '2'),
(84, '4', '2'),
(84, '5', '2'),
(84, '6', '2'),
(84, '7', '2'),
(84, '8', '2'),
(85, '1', '2'),
(85, '2', '2'),
(85, '3', '2'),
(85, '4', '2'),
(85, '5', '2'),
(85, '6', '2'),
(85, '7', '2'),
(85, '8', '2'),
(86, '1', '3'),
(86, '2', '3'),
(86, '3', '3'),
(86, '4', '3'),
(86, '5', '3'),
(86, '6', '3'),
(86, '7', '3'),
(86, '8', '3'),
(87, '1', '2'),
(87, '2', '2'),
(87, '3', '2'),
(87, '4', '2'),
(87, '5', '2'),
(87, '6', '2'),
(87, '7', '2'),
(87, '8', '2'),
(88, '1', '4'),
(88, '2', '4'),
(88, '3', '4'),
(88, '4', '4'),
(88, '5', '4'),
(88, '6', '4'),
(88, '7', '4'),
(88, '8', '4'),
(89, '1', '4'),
(89, '2', '4'),
(89, '3', '4'),
(89, '4', '4'),
(89, '5', '4'),
(89, '6', '4'),
(89, '7', '4'),
(89, '8', '4'),
(90, '1', '2'),
(90, '2', '2'),
(90, '3', '2'),
(90, '4', '2'),
(90, '5', '2'),
(90, '6', '2'),
(90, '7', '2'),
(90, '8', '2'),
(91, '1', '2'),
(91, '2', '2'),
(91, '3', '2'),
(91, '4', '2'),
(91, '5', '2'),
(91, '6', '2'),
(91, '7', '2'),
(91, '8', '2'),
(92, '1', '5'),
(92, '2', '5'),
(92, '3', '5'),
(92, '4', '5'),
(92, '5', '5'),
(92, '6', '5'),
(92, '7', '5'),
(92, '8', '5'),
(93, '1', '5'),
(93, '2', '5'),
(93, '3', '5'),
(93, '4', '5'),
(93, '5', '5'),
(93, '6', '5'),
(93, '7', '5'),
(93, '8', '5'),
(94, '1', '3'),
(94, '2', '3'),
(94, '3', '3'),
(94, '4', '3'),
(94, '5', '3'),
(94, '6', '3'),
(94, '7', '3'),
(94, '8', '3'),
(95, '1', '3'),
(95, '2', '3'),
(95, '3', '3'),
(95, '4', '3'),
(95, '5', '3'),
(95, '6', '3'),
(95, '7', '3'),
(95, '8', '3'),
(96, '1', '4'),
(96, '2', '4'),
(96, '3', '4'),
(96, '4', '4'),
(96, '5', '4'),
(96, '6', '4'),
(96, '7', '4'),
(96, '8', '4'),
(97, '1', '4'),
(97, '2', '4'),
(97, '3', '4'),
(97, '4', '4'),
(97, '5', '4'),
(97, '6', '4'),
(97, '7', '4'),
(97, '8', '4'),
(98, '1', '5'),
(98, '2', '5'),
(98, '3', '5'),
(98, '4', '5'),
(98, '5', '5'),
(98, '6', '5'),
(98, '7', '5'),
(98, '8', '5'),
(99, '1', '5'),
(99, '2', '5'),
(99, '3', '5'),
(99, '4', '5'),
(99, '5', '5'),
(99, '6', '5'),
(99, '7', '5'),
(99, '8', '5'),
(100, '1', '3'),
(100, '2', '3'),
(100, '3', '3'),
(100, '4', '3'),
(100, '5', '3'),
(100, '6', '3'),
(100, '7', '3'),
(100, '8', '3')
